Realisation number,Variable,index,Standard deviation,Variance,Kurtosis,Lag-3 AC,Lag-1 AC,Smax,Coefficient of variation,Smax/Var,Skewness,Lag-2 AC
1,x,0,-0.9777971519907003,-0.9777971519907003,0.8027317640220865,0.4219122348154606,0.9504795117698341,-0.6,0.9221156640511478,0.6444444444444444,0.6487067712874163,0.9264167393199649
2,x,0,-0.9804707933740189,-0.9804707933740189,0.03655913978494623,0.42237721592560296,0.8689915722173784,-0.8222222222222221,0.8972391746585293,0.37777777777777777,-0.09072943911653587,0.7640220866027315
3,x,0,-0.9715199070037778,-0.9715199070037778,-0.3477477477477477,0.7648358035454809,0.9424585876198778,-0.7777777777777777,0.8938680616099969,0.9555555555555554,0.2816041848299912,0.8238884045335657
4,x,0,-0.9875617553036905,-0.9875617553036905,0.4757337983144434,0.7103167683812843,0.8815460621912233,-0.7333333333333333,0.46120313862249335,0.8666666666666666,-0.3062481836675384,0.7447253705318221
5,x,0,-0.971752397558849,-0.971752397558849,-0.16280151118860794,0.8286544609125253,0.9331589654170298,-0.8222222222222221,0.7508863702412087,0.911111111111111,0.5381575123510607,0.8642255158384189
