Realisation number,Variable,index,Coefficient of variation,Lag-2 AC,Kurtosis,Variance,Lag-3 AC,Smax/Var,Standard deviation,Skewness,Smax,Lag-1 AC,Cross correlation
1,Non-breeding,0,0.8049645390070922,-0.49468085106382986,0.6808510638297873,-0.824468085106383,-0.8492907801418441,-0.5111111111111111,-0.824468085106383,0.7021276595744682,-0.8222222222222221,0.1170212765957447,0.7039007092198583
1,Breeding,0,0.7074468085106383,0.5124113475177305,0.6294326241134752,-0.9131205673758866,-0.41489361702127664,0.3333333333333333,-0.9131205673758866,0.5815602836879433,-0.15555555555555553,-0.1914893617021277,0.7039007092198583
1,Total,0,0.8794326241134752,0.17553191489361705,0.7695035460992908,-0.8563829787234043,-0.5124113475177305,0.022222222222222223,-0.8563829787234043,0.7021276595744682,-0.5555555555555555,0.19503546099290783,0.7039007092198583
2,Non-breeding,0,0.7624113475177307,-0.5212765957446809,0.6418439716312058,-0.7801418439716313,0.6365248226950355,-0.06666666666666667,-0.7801418439716313,0.33687943262411346,-0.5111111111111111,-0.37056737588652483,0.47695035460992913
2,Breeding,0,0.6773049645390071,-0.8315602836879434,0.7180851063829788,-0.9450354609929079,-0.4787234042553192,-0.15555555555555553,-0.9450354609929079,0.6773049645390071,-0.7333333333333333,0.06737588652482271,0.47695035460992913
2,Total,0,0.7269503546099292,-0.7872340425531915,0.7748226950354611,-0.8297872340425533,0.22340425531914895,-0.1111111111111111,-0.8297872340425533,0.547872340425532,-0.6,-0.12411347517730498,0.47695035460992913
3,Non-breeding,0,0.8758865248226951,0.49822695035460995,0.7358156028368795,-0.9255319148936171,0.04609929078014185,0.24444444444444444,-0.9255319148936171,0.6028368794326241,-0.9555555555555554,0.5514184397163121,0.2801418439716312
3,Breeding,0,0.10283687943262412,-0.3439716312056738,0.18085106382978725,-0.9734042553191491,0.15602836879432627,-0.24444444444444444,-0.9734042553191491,0.27482269503546103,-0.911111111111111,0.1223404255319149,0.2801418439716312
3,Total,0,0.75,-0.06914893617021278,0.49822695035460995,-0.9592198581560284,0.3209219858156029,-0.15555555555555553,-0.9592198581560284,0.34751773049645396,-0.9999999999999999,0.4326241134751773,0.2801418439716312
