Realisation number,Variable,index,Coefficient of variation,Lag-2 AC,Kurtosis,Variance,Lag-3 AC,Smax/Var,Standard deviation,Skewness,Smax,Lag-1 AC,Cross correlation
1,Non-breeding,0,0.7664355418592707,0.3925269645608629,-0.19542886492039035,0.8009758602978941,0.2705444273240883,0.33333333333333337,0.8009758602978941,0.15356959424756034,0.5032679738562092,0.9253980482794041,0.1760063141278611
1,Breeding,0,0.9545454545454545,0.10974025974025974,-0.554935064935065,0.285974025974026,0.013116883116883115,0.09803921568627452,0.285974025974026,0.35883116883116883,0.09803921568627452,0.966103896103896,0.17262124002455495
1,Total,0,0.7604006163328197,0.306753980482794,-0.0487930148947098,0.6908063687724705,0.3760914227015922,0.2679738562091504,0.6908063687724705,-0.17424242424242425,0.34640522875817,0.963020030816641,0.1760063141278611
2,Non-breeding,0,0.3109987357774968,0.2939317319848293,0.6343236409608091,0.3334386852085967,0.6599241466498104,-0.3636363636363636,0.3334386852085967,-0.6400126422250316,0.2121212121212121,0.9355246523388115,-0.5781544256120528
2,Breeding,0,0.9752252252252251,-0.49485199485199477,0.2728442728442728,-0.433075933075933,0.544079794079794,-0.5454545454545454,-0.433075933075933,-0.21460746460746458,-0.6666666666666666,0.9459459459459457,-0.5711759504862952
2,Total,0,0.33122629582806573,0.0502528445006321,0.5976611883691529,0.21428571428571427,0.6624525916561315,-0.3636363636363636,0.21428571428571427,-0.7452591656131479,-0.0606060606060606,0.9734513274336283,-0.5781544256120528
